<?xml version="1.0" encoding="UTF-8"?>
<l:dependencies xmlns:l='licenses' groupId='org.jenkins-ci.plugins' artifactId='github-api' version='1.106'><l:dependency name='GitHub API Plugin' groupId='org.jenkins-ci.plugins' artifactId='github-api' version='1.106' url='https://github.com/jenkinsci/github-api-plugin'><l:description>The Jenkins Plugins Parent POM Project</l:description><l:license name='The MIT License (MIT)' url='http://opensource.org/licenses/MIT'/></l:dependency><l:dependency name='GitHub API for Java' groupId='org.kohsuke' artifactId='github-api' version='1.106' url='https://github-api.kohsuke.org/'><l:description>GitHub API for Java</l:description><l:license name='The MIT license' url='https://www.opensource.org/licenses/mit-license.php'/></l:dependency><l:dependency name='Apache Commons Lang' groupId='org.apache.commons' artifactId='commons-lang3' version='3.9' url='http://commons.apache.org/proper/commons-lang/'><l:description>Apache Commons Lang, a package of Java utility classes for the
  classes that are in java.lang's hierarchy, or are considered to be so
  standard as to justify existence in java.lang.</l:description><l:license name='Apache License, Version 2.0' url='https://www.apache.org/licenses/LICENSE-2.0.txt'/></l:dependency><l:dependency name='Okio' groupId='com.squareup.okio' artifactId='okio' version='1.6.0' url='https://github.com/square/okio/okio'><l:description>A modern I/O API for Java</l:description><l:license name='Apache 2.0' url='http://www.apache.org/licenses/LICENSE-2.0.txt'/></l:dependency><l:dependency name='OkHttp' groupId='com.squareup.okhttp' artifactId='okhttp' version='2.7.5' url='https://github.com/square/okhttp/okhttp'><l:description>An HTTP+SPDY client for Android and Java applications</l:description><l:license name='Apache 2.0' url='http://www.apache.org/licenses/LICENSE-2.0.txt'/></l:dependency><l:dependency name='OkHttp URLConnection' groupId='com.squareup.okhttp' artifactId='okhttp-urlconnection' version='2.7.5' url='https://github.com/square/okhttp/okhttp-urlconnection'><l:description>An HTTP+SPDY client for Android and Java applications</l:description><l:license name='Apache 2.0' url='http://www.apache.org/licenses/LICENSE-2.0.txt'/></l:dependency></l:dependencies>