<?xml version="1.0" encoding="UTF-8"?>
<l:dependencies xmlns:l='licenses' groupId='org.jenkins-ci.plugins' artifactId='windows-slaves' version='1.6'><l:dependency name='WMI Windows Agents Plugin' groupId='org.jenkins-ci.plugins' artifactId='windows-slaves' version='1.6' url='https://github.com/jenkinsci/windows-slaves-plugin'><l:description>Allows you to setup agents on Windows machines over Windows Management Instrumentation (WMI)</l:description><l:license name='MIT' url='https://opensource.org/licenses/MIT'/></l:dependency><l:dependency name='WMI for j-interop' groupId='org.jenkins-ci' artifactId='jinterop-wmi' version='1.1' url='http://jenkins-ci.org/jinterop-wmi/'><l:description/></l:dependency><l:dependency name='jCIFS' groupId='org.samba.jcifs' artifactId='jcifs' version='1.3.17-kohsuke-1' url='http://jcifs.samba.org'><l:description>JCIFS is an Open Source client library that implements the CIFS/SMB networking protocol in 100% Java</l:description><l:license name='GNU Lesser General Public License, version 2.1' url='http://www.gnu.org/licenses/old-licenses/lgpl-2.1.txt'/></l:dependency><l:dependency name='jinterop-proxy' groupId='org.kohsuke.jinterop' artifactId='jinterop-proxy' version='1.1' url=''><l:description/><l:license name='MIT license' url='http://www.opensource.org/licenses/mit-license.php'/></l:dependency><l:dependency name='windows-remote-command' groupId='org.jenkins-ci' artifactId='windows-remote-command' version='1.4' url='http://jenkins-ci.org/windows-remote-command/'><l:description>Executes a command remotely on Windows.</l:description><l:license name='MIT License' url='http://jenkins-ci.org/mit-license'/></l:dependency></l:dependencies>