<?xml version="1.0" encoding="UTF-8"?>
<l:dependencies xmlns:l='licenses' groupId='org.jenkins-ci.plugins' artifactId='hp-application-automation-tools-plugin' version='6.0'><l:dependency name='Micro Focus Application Automation Tools' groupId='org.jenkins-ci.plugins' artifactId='hp-application-automation-tools-plugin' version='6.0' url='https://github.com/jenkinsci/hpe-application-automation-tools-plugin/blob/latest/doc/README.md'><l:description>The plugin integrates Jenkins with the following Micro Focus products - Service Virtualization,
		LoadRunner, Performance Center, Unified Functional Testing, QuickTest Professional, Service Test, Unified Functional Testing Mobile,
		Application Lifecycle Management and Application Lifecycle Management Octane.</l:description><l:license name='MIT License' url='http://www.opensource.org/licenses/mit-license.php'/></l:dependency><l:dependency name='SV Configurator' groupId='com.microfocus.sv' artifactId='SVConfigurator' version='5.0' url='https://github.com/MicroFocus/sv-configurator'><l:description>Service Virtualization Configurator</l:description></l:dependency><l:dependency name='JSON Small and Fast Parser' groupId='net.minidev' artifactId='json-smart' version='2.0' url='http://json-smart/'><l:description>JSON (JavaScript Object Notation) is a lightweight data-interchange format.
    It is easy for humans to read and write. It is easy for machines to parse and generate.
    It is based on a subset of the JavaScript Programming Language, Standard ECMA-262 3rd Edition
    - December 1999. JSON is a text format that is completely language independent but uses
    conventions that are familiar to programmers of the C-family of languages, including C, C++, C#,
    Java, JavaScript, Perl, Python, and many others.
    These properties make JSON an ideal data-interchange language.</l:description><l:license name='The Apache Software License, Version 2.0' url='http://www.apache.org/licenses/LICENSE-2.0.txt'/></l:dependency><l:dependency name='Apache HttpClient Mime' groupId='org.apache.httpcomponents' artifactId='httpmime' version='4.5.6' url='http://hc.apache.org/httpcomponents-client'><l:description>Apache HttpComponents HttpClient - MIME coded entities</l:description><l:license name='Apache License, Version 2.0' url='http://www.apache.org/licenses/LICENSE-2.0.txt'/></l:dependency><l:dependency name='ASM Core' groupId='asm' artifactId='asm' version='3.3.1' url='http://asm.objectweb.org/asm/'><l:description>A very small and fast Java bytecode manipulation framework</l:description><l:license name='BSD' url='http://asm.objectweb.org/license.html'/></l:dependency><l:dependency name='Annotation Indexer' groupId='org.jenkins-ci' artifactId='annotation-indexer' version='1.9' url='http://jenkins-ci.org/annotation-indexer/'><l:description>Creates index of annotations.</l:description><l:license name='MIT License' url='http://jenkins-ci.org/mit-license'/></l:dependency><l:dependency name='jersey-core-common' groupId='org.glassfish.jersey.core' artifactId='jersey-common' version='2.9' url='https://jersey.java.net/jersey-common/'><l:description>Jersey core common packages</l:description><l:license name='CDDL+GPL License' url='http://glassfish.java.net/public/CDDL+GPL_1_1.html'/></l:dependency><l:dependency name='jersey-core-client' groupId='org.glassfish.jersey.core' artifactId='jersey-client' version='2.9' url='https://jersey.java.net/jersey-client/'><l:description>Jersey core client implementation</l:description><l:license name='CDDL+GPL License' url='http://glassfish.java.net/public/CDDL+GPL_1_1.html'/></l:dependency><l:dependency name='integrations-dto' groupId='com.hpe.adm.octane.ciplugins' artifactId='integrations-dto' version='2.0.71.28' url='https://github.com/MicroFocus/octane-ci-java-sdk/integrations-dto'><l:description>MicroFocus ALM Octane common libraries for developing CI plugins for Octane</l:description><l:license name='Apache License, Version 2.0' url='http://www.apache.org/licenses/LICENSE-2.0.txt'/></l:dependency><l:dependency name='Javassist' groupId='org.javassist' artifactId='javassist' version='3.18.1-GA' url='http://www.javassist.org/'><l:description>Javassist (JAVA programming ASSISTant) makes Java bytecode manipulation
    simple.  It is a class library for editing bytecodes in Java.</l:description><l:license name='MPL 1.1' url='http://www.mozilla.org/MPL/MPL-1.1.html'/><l:license name='LGPL 2.1' url='http://www.gnu.org/licenses/lgpl-2.1.html'/><l:license name='Apache License 2.0' url='http://www.apache.org/licenses/'/></l:dependency><l:dependency name='HK2 API module' groupId='org.glassfish.hk2' artifactId='hk2-api' version='2.3.0-b05' url='https://hk2.java.net/hk2-api'><l:description>HK2 API module</l:description><l:license name='CDDL + GPLv2 with classpath exception' url='https://glassfish.java.net/nonav/public/CDDL+GPL_1_1.html'/></l:dependency><l:dependency name='OSGi resource locator bundle - used by various API providers that rely on META-INF/services mechanism to locate providers.' groupId='org.glassfish.hk2' artifactId='osgi-resource-locator' version='1.0.1' url='http://glassfish.org/osgi-resource-locator/'><l:description>See http://wiki.glassfish.java.net/Wiki.jsp?page=JdkSpiOsgi for more information</l:description><l:license name='CDDL + GPLv2 with classpath exception' url='https://glassfish.dev.java.net/nonav/public/CDDL+GPL.html'/></l:dependency><l:dependency name='Performance Center plugins common' groupId='com.microfocus.adm.performancecenter' artifactId='plugins-common' version='1.0.2' url='https://software.microfocus.com/en-us/products/performance-center/overview'><l:description>The plugin is a common code for other plugins integrated with Performance Center.</l:description><l:license name='Apache License, Version 2.0' url='https://www.apache.org/licenses/LICENSE-2.0.txt'/></l:dependency><l:dependency name='Symbol annotation' groupId='org.jenkins-ci' artifactId='symbol-annotation' version='1.4' url=''><l:description>The Jenkins Plugins Parent POM Project</l:description><l:license name='MIT License' url='http://opensource.org/licenses/MIT'/></l:dependency><l:dependency name='jersey-core-server' groupId='org.glassfish.jersey.core' artifactId='jersey-server' version='2.9' url='https://jersey.java.net/jersey-server/'><l:description>Jersey core server implementation</l:description><l:license name='CDDL+GPL License' url='http://glassfish.java.net/public/CDDL+GPL_1_1.html'/></l:dependency><l:dependency name='jersey-media-sse' groupId='org.glassfish.jersey.media' artifactId='jersey-media-sse' version='2.9' url='https://jersey.java.net/project/jersey-media-sse/'><l:description>Jersey Server Sent Events entity providers support module.</l:description><l:license name='CDDL+GPL License' url='http://glassfish.java.net/public/CDDL+GPL_1_1.html'/></l:dependency><l:dependency name='Apache Commons Codec' groupId='commons-codec' artifactId='commons-codec' version='1.11' url='http://commons.apache.org/proper/commons-codec/'><l:description>The Apache Commons Codec package contains simple encoder and decoders for
     various formats such as Base64 and Hexadecimal.  In addition to these
     widely used encoders and decoders, the codec package also maintains a
     collection of phonetic encoding utilities.</l:description><l:license name='Apache License, Version 2.0' url='https://www.apache.org/licenses/LICENSE-2.0.txt'/></l:dependency><l:dependency name='FindBugs-jsr305' groupId='com.google.code.findbugs' artifactId='jsr305' version='3.0.2' url='http://findbugs.sourceforge.net/'><l:description>JSR305 Annotations for Findbugs</l:description><l:license name='The Apache Software License, Version 2.0' url='http://www.apache.org/licenses/LICENSE-2.0.txt'/></l:dependency><l:dependency name='Commons CLI' groupId='commons-cli' artifactId='commons-cli' version='1.2' url='http://commons.apache.org/cli/'><l:description>Commons CLI provides a simple API for presenting, processing and validating a command line interface.</l:description><l:license name='The Apache Software License, Version 2.0' url='http://www.apache.org/licenses/LICENSE-2.0.txt'/></l:dependency><l:dependency name='Apache HttpClient' groupId='org.apache.httpcomponents' artifactId='httpclient' version='4.5.6' url='http://hc.apache.org/httpcomponents-client'><l:description>Apache HttpComponents Client</l:description><l:license name='Apache License, Version 2.0' url='http://www.apache.org/licenses/LICENSE-2.0.txt'/></l:dependency><l:dependency name='Tape' groupId='com.squareup' artifactId='tape' version='1.2.3' url='http://github.com/square/tape/tape/'><l:description>A lightning fast, transactional, file-based FIFO for Android and Java.</l:description><l:license name='Apache License Version 2.0' url='http://www.apache.org/licenses/LICENSE-2.0.txt'/></l:dependency><l:dependency name='Apache HttpCore' groupId='org.apache.httpcomponents' artifactId='httpcore' version='4.4.4' url='http://hc.apache.org/httpcomponents-core-ga'><l:description>Apache HttpComponents Core (blocking I/O)</l:description><l:license name='Apache License, Version 2.0' url='http://www.apache.org/licenses/LICENSE-2.0.txt'/></l:dependency><l:dependency name='HttpClient' groupId='commons-httpclient' artifactId='commons-httpclient' version='3.1' url='http://jakarta.apache.org/httpcomponents/httpclient-3.x/'><l:description>The HttpClient  component supports the client-side of RFC 1945 (HTTP/1.0)  and RFC 2616 (HTTP/1.1) , several related specifications (RFC 2109 (Cookies) , RFC 2617 (HTTP Authentication) , etc.), and provides a framework by which new request types (methods) or HTTP extensions can be created easily.</l:description><l:license name='Apache License' url='http://www.apache.org/licenses/LICENSE-2.0'/></l:dependency><l:dependency name='HK2 Implementation Utilities' groupId='org.glassfish.hk2' artifactId='hk2-utils' version='2.3.0-b05' url='https://hk2.java.net/hk2-utils'><l:description>HK2 Implementation Utilities</l:description><l:license name='CDDL + GPLv2 with classpath exception' url='https://glassfish.java.net/nonav/public/CDDL+GPL_1_1.html'/></l:dependency><l:dependency name='ServiceLocator Default Implementation' groupId='org.glassfish.hk2' artifactId='hk2-locator' version='2.3.0-b05' url='https://hk2.java.net/hk2-locator'><l:description>ServiceLocator Default Implementation</l:description><l:license name='CDDL + GPLv2 with classpath exception' url='https://glassfish.java.net/nonav/public/CDDL+GPL_1_1.html'/></l:dependency><l:dependency name='Jackson-annotations' groupId='com.fasterxml.jackson.core' artifactId='jackson-annotations' version='2.10.0' url='http://github.com/FasterXML/jackson'><l:description>Core annotations used for value types, used by Jackson data binding package.</l:description><l:license name='The Apache Software License, Version 2.0' url='http://www.apache.org/licenses/LICENSE-2.0.txt'/></l:dependency><l:dependency name='Jackson-core' groupId='com.fasterxml.jackson.core' artifactId='jackson-core' version='2.10.0' url='https://github.com/FasterXML/jackson-core'><l:description>Core Jackson processing abstractions (aka Streaming API), implementation for JSON</l:description><l:license name='The Apache Software License, Version 2.0' url='http://www.apache.org/licenses/LICENSE-2.0.txt'/></l:dependency><l:dependency name='Apache Commons Math' groupId='org.apache.commons' artifactId='commons-math3' version='3.6.1' url='http://commons.apache.org/proper/commons-math/'><l:description>The Apache Commons Math project is a library of lightweight, self-contained mathematics and statistics components addressing the most common practical problems not immediately available in the Java programming language or commons-lang.</l:description><l:license name='Apache License, Version 2.0' url='http://www.apache.org/licenses/LICENSE-2.0.txt'/></l:dependency><l:dependency name='Apache Log4j API' groupId='org.apache.logging.log4j' artifactId='log4j-api' version='2.10.0' url='https://logging.apache.org/log4j/2.x/log4j-api/'><l:description>The Apache Log4j API</l:description><l:license name='Apache License, Version 2.0' url='https://www.apache.org/licenses/LICENSE-2.0.txt'/></l:dependency><l:dependency name='Apache Commons Collections' groupId='org.apache.commons' artifactId='commons-collections4' version='4.2' url='http://commons.apache.org/proper/commons-collections/'><l:description>The Apache Commons Collections package contains types that extend and augment the Java Collections Framework.</l:description><l:license name='Apache License, Version 2.0' url='https://www.apache.org/licenses/LICENSE-2.0.txt'/></l:dependency><l:dependency name='ASM helper Minidev' groupId='net.minidev' artifactId='asm' version='1.0' url='http://asm/'><l:description>ASM Optimisation Package</l:description><l:license name='The Apache Software License, Version 2.0' url='http://www.apache.org/licenses/LICENSE-2.0.txt'/></l:dependency><l:dependency name='Apache Log4j Core' groupId='org.apache.logging.log4j' artifactId='log4j-core' version='2.10.0' url='https://logging.apache.org/log4j/2.x/log4j-core/'><l:description>The Apache Log4j Implementation</l:description><l:license name='Apache License, Version 2.0' url='https://www.apache.org/licenses/LICENSE-2.0.txt'/></l:dependency><l:dependency name='zip4j' groupId='net.lingala.zip4j' artifactId='zip4j' version='1.3.2' url='http://www.lingala.net/zip4j/'><l:description>An open source java library to handle zip files</l:description><l:license name='The Apache Software License, Version 2.0' url='http://www.apache.org/licenses/LICENSE-2.0.txt'/></l:dependency><l:dependency name='Apache Log4j Web' groupId='org.apache.logging.log4j' artifactId='log4j-web' version='2.10.0' url='https://logging.apache.org/log4j/2.x/log4j-web/'><l:description>The Apache Log4j support for web servlet containers</l:description><l:license name='Apache License, Version 2.0' url='https://www.apache.org/licenses/LICENSE-2.0.txt'/></l:dependency><l:dependency name='javax.inject:1 as OSGi bundle' groupId='org.glassfish.hk2.external' artifactId='javax.inject' version='2.3.0-b05' url='https://hk2.java.net/external/javax.inject'><l:description>Injection API (JSR 330) version ${javax.inject.version} repackaged as OSGi bundle</l:description><l:license name='CDDL + GPLv2 with classpath exception' url='https://glassfish.java.net/nonav/public/CDDL+GPL_1_1.html'/></l:dependency><l:dependency name='aopalliance version 1.0 repackaged as a module' groupId='org.glassfish.hk2.external' artifactId='aopalliance-repackaged' version='2.3.0-b05' url='https://hk2.java.net/external/aopalliance-repackaged'><l:description>Generic Modules subsystem</l:description><l:license name='CDDL + GPLv2 with classpath exception' url='https://glassfish.java.net/nonav/public/CDDL+GPL_1_1.html'/></l:dependency><l:dependency name='Apache POI' groupId='org.apache.poi' artifactId='poi' version='4.0.1' url='http://poi.apache.org/'><l:description>Apache POI - Java API To Access Microsoft Format Files</l:description><l:license name='The Apache Software License, Version 2.0' url='http://www.apache.org/licenses/LICENSE-2.0.txt'/></l:dependency><l:dependency name='jersey-repackaged-guava' groupId='org.glassfish.jersey.bundles.repackaged' artifactId='jersey-guava' version='2.9' url='https://jersey.java.net/project/project/jersey-guava/'><l:description>Jersey Guava Repackaged</l:description><l:license name='CDDL+GPL License' url='http://glassfish.java.net/public/CDDL+GPL_1_1.html'/></l:dependency><l:dependency name='Gson' groupId='com.google.code.gson' artifactId='gson' version='2.8.1' url='https://github.com/google/gson/gson'><l:description>Gson JSON library</l:description><l:license name='Apache 2.0' url='http://www.apache.org/licenses/LICENSE-2.0.txt'/></l:dependency><l:dependency name='jackson-databind' groupId='com.fasterxml.jackson.core' artifactId='jackson-databind' version='2.10.0' url='http://github.com/FasterXML/jackson'><l:description>General data-binding functionality for Jackson: works on core streaming API</l:description><l:license name='The Apache Software License, Version 2.0' url='http://www.apache.org/licenses/LICENSE-2.0.txt'/></l:dependency><l:dependency name='json-path' groupId='com.jayway.jsonpath' artifactId='json-path' version='1.1.0' url='http://code.google.com/p/json-path/'><l:description>Java JsonPath implementation</l:description><l:license name='Apache 2.0' url='http://www.apache.org/licenses/LICENSE-2.0.html'/></l:dependency><l:dependency name='javax.ws.rs-api' groupId='javax.ws.rs' artifactId='javax.ws.rs-api' version='2.0' url='http://jax-rs-spec.java.net'><l:description>Java.net - The Source for Java Technology Collaboration</l:description><l:license name='CDDL 1.1' url='http://glassfish.java.net/public/CDDL+GPL_1_1.html'/><l:license name='GPL2 w/ CPE' url='http://glassfish.java.net/public/CDDL+GPL_1_1.html'/></l:dependency><l:dependency name='javax.annotation API' groupId='javax.annotation' artifactId='javax.annotation-api' version='1.2' url='http://jcp.org/en/jsr/detail?id=250'><l:description>Common Annotations for the JavaTM Platform API</l:description><l:license name='CDDL + GPLv2 with classpath exception' url='https://glassfish.dev.java.net/nonav/public/CDDL+GPL.html'/></l:dependency><l:dependency name='integrations-sdk' groupId='com.hpe.adm.octane.ciplugins' artifactId='integrations-sdk' version='2.0.71.28' url='https://github.com/MicroFocus/octane-ci-java-sdk/integrations-sdk'><l:description>MicroFocus ALM Octane common libraries for developing CI plugins for Octane</l:description><l:license name='Apache License, Version 2.0' url='http://www.apache.org/licenses/LICENSE-2.0.txt'/></l:dependency></l:dependencies>