<?xml version="1.0" encoding="UTF-8"?>
<l:dependencies xmlns:l='licenses' groupId='org.jenkins-ci.plugins' artifactId='subversion' version='2.13.0'><l:dependency name='Jenkins Subversion Plug-in' groupId='org.jenkins-ci.plugins' artifactId='subversion' version='2.13.0' url='https://github.com/jenkinsci/subversion-plugin'><l:description>The Jenkins Plugins Parent POM Project</l:description><l:license name='MIT license' url='https://opensource.org/licenses/MIT'/></l:dependency><l:dependency name='a connector for ssh-agent' groupId='com.jcraft' artifactId='jsch.agentproxy.sshagent' version='0.0.7' url='http://www.jcraft.com/jsch-agent-proxy/jsch.agentproxy.sshagent/'><l:description>a proxy to ssh-agent and Pageant in Java</l:description><l:license name='Revised BSD' url='http://www.jcraft.com/jsch-agent-proxy/LICENSE.txt'/></l:dependency><l:dependency name='a connector for Pageant using JNA' groupId='com.jcraft' artifactId='jsch.agentproxy.pageant' version='0.0.7' url='http://www.jcraft.com/jsch-agent-proxy/jsch.agentproxy.pageant/'><l:description>a proxy to ssh-agent and Pageant in Java</l:description><l:license name='Revised BSD' url='http://www.jcraft.com/jsch-agent-proxy/LICENSE.txt'/></l:dependency><l:dependency name='Java Native Access Platform' groupId='net.java.dev.jna' artifactId='jna-platform' version='4.1.0' url='https://github.com/twall/jna'><l:description>Java Native Access Platform</l:description><l:license name='LGPL, version 2.1' url='http://www.gnu.org/licenses/licenses.html'/><l:license name='ASL, version 2' url='http://www.apache.org/licenses/'/></l:dependency><l:dependency name='SQLJet Java(tm) Sqlite Library' groupId='org.tmatesoft.sqljet' artifactId='sqljet' version='1.1.12' url='https://sqljet.com/'><l:description>Java(tm) library to manage sqlite databases</l:description><l:license name='GNU General Public License (GPL)' url='https://sqljet.com/'/></l:dependency><l:dependency name='jsch-agent-proxy core library' groupId='com.jcraft' artifactId='jsch.agentproxy.core' version='0.0.7' url='http://www.jcraft.com/jsch-agent-proxy/jsch.agentproxy.core/'><l:description>a proxy to ssh-agent and Pageant in Java</l:description><l:license name='Revised BSD' url='http://www.jcraft.com/jsch-agent-proxy/LICENSE.txt'/></l:dependency><l:dependency name='jsch-agent-proxy connector to SVNKit fork of Trilead SSH2' groupId='com.jcraft' artifactId='jsch.agentproxy.svnkit-trilead-ssh2' version='0.0.7' url='http://www.jcraft.com/jsch-agent-proxy/jsch.agentproxy.svnkit-trilead-ssh2/'><l:description>a proxy to ssh-agent and Pageant in Java</l:description><l:license name='Revised BSD' url='http://www.jcraft.com/jsch-agent-proxy/LICENSE.txt'/></l:dependency><l:dependency name='LZ4 and xxHash' groupId='org.lz4' artifactId='lz4-java' version='1.4.1' url='https://github.com/lz4/lz4-java'><l:description>Java ports and bindings of the LZ4 compression algorithm and the xxHash hashing algorithm</l:description><l:license name='The Apache Software License, Version 2.0' url='http://www.apache.org/licenses/LICENSE-2.0.txt'/></l:dependency><l:dependency name='an implementation of USocketFactory using netcat' groupId='com.jcraft' artifactId='jsch.agentproxy.usocket-nc' version='0.0.7' url='http://www.jcraft.com/jsch-agent-proxy/jsch.agentproxy.usocket-nc/'><l:description>a proxy to ssh-agent and Pageant in Java</l:description><l:license name='Revised BSD' url='http://www.jcraft.com/jsch-agent-proxy/LICENSE.txt'/></l:dependency><l:dependency name='an implementation of USocketFactory using JNA' groupId='com.jcraft' artifactId='jsch.agentproxy.usocket-jna' version='0.0.7' url='http://www.jcraft.com/jsch-agent-proxy/jsch.agentproxy.usocket-jna/'><l:description>a proxy to ssh-agent and Pageant in Java</l:description><l:license name='Revised BSD' url='http://www.jcraft.com/jsch-agent-proxy/LICENSE.txt'/></l:dependency><l:dependency name='a connector factory' groupId='com.jcraft' artifactId='jsch.agentproxy.connector-factory' version='0.0.7' url='http://www.jcraft.com/jsch-agent-proxy/jsch.agentproxy.connector-factory/'><l:description>a proxy to ssh-agent and Pageant in Java</l:description><l:license name='Revised BSD' url='http://www.jcraft.com/jsch-agent-proxy/LICENSE.txt'/></l:dependency><l:dependency name='SVNKit Java(tm) Subversion Library' groupId='org.tmatesoft.svnkit' artifactId='svnkit' version='1.10.1' url='https://svnkit.com/'><l:description>Java(tm) library to manage Subversion working copies and repositories</l:description><l:license name='TMate Open Source License' url='https://svnkit.com/license.html'/></l:dependency><l:dependency name='Java Native Access' groupId='net.java.dev.jna' artifactId='jna' version='4.1.0' url='https://github.com/twall/jna'><l:description>Java Native Access</l:description><l:license name='LGPL, version 2.1' url='http://www.gnu.org/licenses/licenses.html'/><l:license name='ASL, version 2' url='http://www.apache.org/licenses/'/></l:dependency><l:dependency name='Java Native Access Platform' groupId='net.java.dev.jna' artifactId='platform' version='3.4.0' url='https://github.com/twall/jna'><l:description>Java Native Access Platform</l:description><l:license name='LGPL, version 2.1' url='http://creativecommons.org/licenses/LGPL/2.1/'/></l:dependency><l:dependency name='Sequence Library' groupId='de.regnis.q.sequence' artifactId='sequence-library' version='1.0.4' url='https://svn.tmatesoft.com/repos/3rdparty/de.regnigs.q.sequence'><l:description>Textual Diff and Merge Library</l:description><l:license name='Sequence Library License (BSD-like)' url='https://svn.tmatesoft.com/repos/3rdparty/de.regnis.q.sequnce/trunk/LICENSE.txt'/></l:dependency><l:dependency name='Antlr 3.4 Runtime' groupId='org.antlr' artifactId='antlr-runtime' version='3.4' url='http://www.antlr.org'><l:description>A framework for constructing recognizers, compilers, and translators from grammatical descriptions containing Java, C#, C++, or Python actions.</l:description></l:dependency></l:dependencies>